rule,format,replicates,z,B,tau,U,bias,vars,u_kind,accept,decision,state,replayed,reason,valid_samples,skipped_samples
LOG-MUL,fp32,4096,2.924915168035419,0.16793525042643465,0.05,6.685560236530723,INCONCLUSIVE,PASS,pot_pwm,False,INCONCLUSIVE,COMPLETE,True,,48643849868,20075626868
LOG-MUL-LIBDEVICE,fp32,4096,2.924915168035419,0.16793525042643465,0.05,6.685560236530723,INCONCLUSIVE,PASS,pot_pwm,False,INCONCLUSIVE,COMPLETE,True,,48643849868,20075626868
LOG-EXP,fp32,4096,3.9057705010756196,0.08849077969107713,0.05,0.0,INCONCLUSIVE,PASS,empirical_max,False,INCONCLUSIVE,COMPLETE,True,,68719476736,0
LOG-EXP-LOG-LIBDEVICE,fp32,4096,3.9057705010756196,0.08849077969107713,0.05,0.0,INCONCLUSIVE,PASS,empirical_max,False,INCONCLUSIVE,COMPLETE,True,,68719476736,0
LOG-EXP-LIBDEVICE,fp32,4096,68.59740094806699,0.7300322166213088,0.05,0.0,FAIL,PASS,empirical_max,False,REJECT,COMPLETE,True,,68719476736,0
LOG-EXP-FULL-LIBDEVICE,fp32,4096,68.59740094806699,0.7300322166213088,0.05,0.0,FAIL,PASS,empirical_max,False,REJECT,COMPLETE,True,,68719476736,0
LOG-MUL-GUARDED-INTRINSIC,fp32,4096,296.62214981092404,0.0006248690032757374,0.05,6.685560236530723,PASS,PASS,pot_pwm,True,ACCEPT,COMPLETE,True,,48643849868,20075626868
LOG-MUL-GUARDED,fp32,4096,296.62214981092404,0.0006248690032757374,0.05,6.685560236530723,PASS,PASS,pot_pwm,True,ACCEPT,COMPLETE,True,,48643849868,20075626868
LOG-EXP-GUARDED-INTRINSIC,fp32,4096,28014.76841111653,0.04578995059123393,0.05,0.625,PASS,PASS,empirical_max,True,ACCEPT,COMPLETE,True,,68719476736,0
LOG-EXP-GUARDED,fp32,4096,28014.76841111653,0.04578995059123393,0.05,0.625,PASS,PASS,empirical_max,True,ACCEPT,COMPLETE,True,,68719476736,0
LOG-MUL-LOG1P-INTRINSIC,fp32,4096,2.061440595373689,0.12403158729983392,0.05,6.685560236530723,INCONCLUSIVE,PASS,pot_pwm,False,INCONCLUSIVE,COMPLETE,True,,48643849868,20075626868
LOG-MUL-LOG1P,fp32,4096,2.061440595373689,0.12403158729983392,0.05,6.685560236530723,INCONCLUSIVE,PASS,pot_pwm,False,INCONCLUSIVE,COMPLETE,True,,48643849868,20075626868
LOG-EXP-GUARDED-FULL-INTRINSIC,fp32,4096,39092.26596028343,0.07841065488340405,0.05,0.3125,FAIL,PASS,empirical_max,False,REJECT,COMPLETE,True,,68719476736,0
LOG-EXP-GUARDED-EXP-INTRINSIC,fp32,4096,39092.26596028343,0.07841065488340405,0.05,0.3125,FAIL,PASS,empirical_max,False,REJECT,COMPLETE,True,,68719476736,0
